634	I_kwDOJWyCVM5nJ_2Q	ubiquibot	https://github.com/ubiquity/ubiquibot/issues/342
635	I_kwDOJWyCVM5nJ_3M	ubiquibot	https://github.com/ubiquity/ubiquibot/issues/341
636	I_kwDOJWyCVM5nQfq9	ubiquibot	https://github.com/ubiquity/ubiquibot/issues/347
637	I_kwDOJWyCVM5nSpa9	ubiquibot	https://github.com/ubiquity/ubiquibot/issues/349
638	I_kwDOJWyCVM5nT_Uk	ubiquibot	https://github.com/ubiquity/ubiquity-dollar/issues/663
639	I_kwDOJWyCVM5nUbYV	ubiquibot	https://github.com/ubiquity/ubiquity-dollar/issues/664
640	I_kwDOJWyCVM5nVt4-	ubiquibot	https://github.com/ubiquity/ubiquibot/issues/351
641	I_kwDOJWyCVM5nXFrb	ubiquibot	https://github.com/ubiquity/ubiquibot/issues/353
643	I_kwDOJWyCVM5ndrRU	ubiquibot	https://github.com/ubiquity/devpool-directory-tasks/issues/8
644	I_kwDOJWyCVM5ndrS0	ubiquibot	https://github.com/ubiquity/devpool-directory-tasks/issues/7
645	I_kwDOJWyCVM5ndrUT	ubiquibot	https://github.com/ubiquity/devpool-directory-tasks/issues/6
646	I_kwDOJWyCVM5ndrVw	ubiquibot	https://github.com/ubiquity/devpool-directory-tasks/issues/5
647	I_kwDOJWyCVM5ndrXH	ubiquibot	https://github.com/ubiquity/devpool-directory-tasks/issues/3
648	I_kwDOJWyCVM5ndrYe	ubiquibot	https://github.com/ubiquity/devpool-directory-tasks/issues/2
649	I_kwDOJWyCVM5ndrZ5	ubiquibot	https://github.com/ubiquity/devpool-directory-tasks/issues/1
650	I_kwDOJWyCVM5ndrbT	ubiquibot	https://github.com/ubiquity/devpool-directory-tasks/issues/4
651	I_kwDOJWyCVM5ng5-3	ubiquibot	https://github.com/ubiquity/ubiquibot/issues/357
652	I_kwDOJWyCVM5ng6Aw	ubiquibot	https://github.com/ubiquity/ubiquibot/issues/355
653	I_kwDOJWyCVM5nhPAp	ubiquibot	https://github.com/ubiquity/ubiquibot/issues/359
654	I_kwDOJWyCVM5nhPBm	ubiquibot	https://github.com/ubiquity/ubiquibot/issues/358
655	I_kwDOJWyCVM5nnE7N	ubiquibot	https://github.com/ubiquity/ubiquibot/issues/361
656	I_kwDOJWyCVM5nndKK	ubiquibot	https://github.com/ubiquity/ubiquibot/issues/362
657	I_kwDOJWyCVM5nnxlb	ubiquibot	https://github.com/ubiquity/pay.ubq.fi/issues/69
658	I_kwDOJWyCVM5nqsN3	ubiquibot	https://github.com/ubiquity/pay.ubq.fi/issues/71
659	I_kwDOJWyCVM5nu5Ef	ubiquibot	https://github.com/ubiquity/ubiquibot/issues/379
661	I_kwDOJWyCVM5nxIQV	ubiquibot	https://github.com/ubiquity/ubiquibot/issues/367
662	I_kwDOJWyCVM5n6Uj5	ubiquibot	https://github.com/ubiquity/ubiquibot/issues/374
663	I_kwDOJWyCVM5n7Jp2	ubiquibot	https://github.com/ubiquity/ubiquibot/issues/376
664	I_kwDOJWyCVM5n7JrL	ubiquibot	https://github.com/ubiquity/ubiquibot/issues/375
665	I_kwDOJWyCVM5n8v4H	ubiquibot	https://github.com/ubiquity/ubiquibot/issues/378
668	I_kwDOJWyCVM5oK5wa	ubiquibot	https://github.com/ubiquity/ubiquibot/issues/268
669	I_kwDOJWyCVM5oW3pq	ubiquibot	https://github.com/ubiquity/ubiquibot/issues/388
670	I_kwDOJWyCVM5ocF2M	ubiquibot	https://github.com/ubiquity/ubiquibot/issues/390
671	I_kwDOJWyCVM5oes74	ubiquibot	https://github.com/ubiquity/ubiquibot/issues/391
672	I_kwDOJWyCVM5ojNZa	ubiquibot	https://github.com/ubiquity/ubiquibot/issues/394
673	I_kwDOJWyCVM5ojx1b	ubiquibot	https://github.com/ubiquity/ubiquibot/issues/395
674	I_kwDOJWyCVM5okMJi	ubiquibot	https://github.com/ubiquity/ubiquibot/issues/396
675	I_kwDOJWyCVM5oocgc	ubiquibot	https://github.com/ubiquity/pay.ubq.fi/issues/72
676	I_kwDOJWyCVM5ouhN_	ubiquibot	https://github.com/ubiquity/pay.ubq.fi/issues/73
679	I_kwDOJWyCVM5o0MC_	ubiquibot	https://github.com/ubiquity/ubq.fi/issues/16
680	I_kwDOJWyCVM5o2UHe	ubiquibot	https://github.com/ubiquity/ubiquibot/issues/403
681	I_kwDOJWyCVM5o3nu8	ubiquibot	https://github.com/ubiquity/ubiquibot/issues/405
682	I_kwDOJWyCVM5o3nvs	ubiquibot	https://github.com/ubiquity/ubiquibot/issues/404
683	I_kwDOJWyCVM5o4NSF	ubiquibot	https://github.com/ubiquity/ubiquibot/issues/406
684	I_kwDOJWyCVM5o4buU	ubiquibot	https://github.com/ubiquity/ubiquibot/issues/408
685	I_kwDOJWyCVM5o4bu0	ubiquibot	https://github.com/ubiquity/ubiquibot/issues/407
686	I_kwDOJWyCVM5o4lyv	ubiquibot	https://github.com/ubiquity/ubiquity-dollar/issues/682
687	I_kwDOJWyCVM5o5efl	ubiquibot	https://github.com/ubiquity/ubiquibot/issues/410
688	I_kwDOJWyCVM5o5ef8	ubiquibot	https://github.com/ubiquity/ubiquibot/issues/409
689	I_kwDOJWyCVM5o6glu	ubiquibot	https://github.com/ubiquity/ubiquity-dollar/issues/683
690	I_kwDOJWyCVM5o9yFH	ubiquibot	https://github.com/ubiquity/ubiquibot/issues/412
691	I_kwDOJWyCVM5pBA7-	ubiquibot	https://github.com/ubiquity/ubiquity-dollar/issues/684
692	I_kwDOJWyCVM5pIjVO	ubiquibot	https://github.com/ubiquity/ubiquibot/issues/415
693	I_kwDOJWyCVM5pLcss	ubiquibot	https://github.com/ubiquity/ubiquibot/issues/419
694	I_kwDOJWyCVM5pOekI	ubiquibot	https://github.com/ubiquity/ubiquity-dollar/issues/690
695	I_kwDOJWyCVM5pPXlm	ubiquibot	https://github.com/ubiquity/ubiquity-dollar/issues/692
696	I_kwDOJWyCVM5pW1-k	ubiquibot	https://github.com/ubiquity/ubiquity-dollar/issues/695
697	I_kwDOJWyCVM5pbZMN	ubiquibot	https://github.com/ubiquity/ubiquibot/issues/423
698	I_kwDOJWyCVM5pbixk	ubiquibot	https://github.com/ubiquity/ubiquity-dollar/issues/699
699	I_kwDOJWyCVM5pewP_	ubiquibot	https://github.com/ubiquity/ubiquibot/issues/424
700	I_kwDOJWyCVM5pfNgG	ubiquibot	https://github.com/ubiquity/ubiquibot/issues/425
701	I_kwDOJWyCVM5pprFf	ubiquibot	https://github.com/ubiquity/ubiquibot/issues/428
702	I_kwDOJWyCVM5ppyLB	ubiquibot	https://github.com/ubiquity/ubiquibot/issues/429
703	I_kwDOJWyCVM5pp6Tl	ubiquibot	https://github.com/ubiquity/ubiquibot/issues/431
704	I_kwDOJWyCVM5pp6Tz	ubiquibot	https://github.com/ubiquity/ubiquibot/issues/430
705	I_kwDOJWyCVM5pr-VF	ubiquibot	https://github.com/ubiquity/ubiquity-dollar/issues/706
706	I_kwDOJWyCVM5puQnn	ubiquibot	https://github.com/ubiquity/ubiquity-dollar/issues/707
707	I_kwDOJWyCVM5p6A8Z	ubiquibot	https://github.com/ubiquity/ubiquibot/issues/439
708	I_kwDOJWyCVM5p_oOK	ubiquibot	https://github.com/ubiquity/ubiquibot/issues/440
709	I_kwDOJWyCVM5qDEL8	ubiquibot	https://github.com/ubiquity/ubiquibot/issues/441
710	I_kwDOJWyCVM5qGvZ0	ubiquibot	https://github.com/ubiquibot/quality-assurance-improvements/issues/2
711	I_kwDOJWyCVM5qGvaV	ubiquibot	https://github.com/ubiquibot/quality-assurance-improvements/issues/1
712	I_kwDOJWyCVM5qGva5	ubiquibot	https://github.com/ubiquity/action-conventional-commits/issues/2
713	I_kwDOJWyCVM5qGvbY	ubiquibot	https://github.com/ubiquity/action-conventional-commits/issues/1
715	I_kwDOJWyCVM5qO4Wq	ubiquibot	https://github.com/ubiquity/ubiquibot/issues/444
716	I_kwDOJWyCVM5qPJx6	ubiquibot	https://github.com/ubiquity/pay.ubq.fi/issues/86
717	I_kwDOJWyCVM5qPJz3	ubiquibot	https://github.com/ubiquity/ubiquibot/issues/446
718	I_kwDOJWyCVM5qS5km	ubiquibot	https://github.com/ubiquity/ubiquibot/issues/448
719	I_kwDOJWyCVM5qa2jS	ubiquibot	https://github.com/ubiquity/ubiquibot/issues/450
720	I_kwDOJWyCVM5qcing	ubiquibot	https://github.com/ubiquity/ubiquity-dollar/issues/715
721	I_kwDOJWyCVM5qn8Lp	ubiquibot	https://github.com/ubiquity/ubiquibot/issues/461
722	I_kwDOJWyCVM5qn8Mf	ubiquibot	https://github.com/ubiquity/ubiquibot/issues/460
723	I_kwDOJWyCVM5qoQwg	ubiquibot	https://github.com/ubiquibot/quality-assurance-improvements/issues/3
724	I_kwDOJWyCVM5qopvT	ubiquibot	https://github.com/ubiquity/ubiquibot/issues/463
725	I_kwDOJWyCVM5qpB1O	ubiquibot	https://github.com/ubiquity/devpool-directory-tasks/issues/9
726	I_kwDOJWyCVM5qpb3k	ubiquibot	https://github.com/ubiquity/ubiquibot/issues/464
727	I_kwDOJWyCVM5qrg37	ubiquibot	https://github.com/ubiquity/ubiquibot/issues/467
728	I_kwDOJWyCVM5qrg5e	ubiquibot	https://github.com/ubiquity/ubiquibot/issues/466
729	I_kwDOJWyCVM5qsO3H	ubiquibot	https://github.com/ubiquity/ubiquibot/issues/468
730	I_kwDOJWyCVM5qxd5L	ubiquibot	https://github.com/ubiquity/ubiquibot/issues/474
731	I_kwDOJWyCVM5qyqp6	ubiquibot	https://github.com/ubiquity/ubiquibot/issues/475
734	I_kwDOJWyCVM5qz-BR	ubiquibot	https://github.com/ubiquity/card-issuance/issues/1
735	I_kwDOJWyCVM5qz-CH	ubiquibot	https://github.com/ubiquity/card-issuance/issues/5
736	I_kwDOJWyCVM5qz-DB	ubiquibot	https://github.com/ubiquity/card-issuance/issues/4
737	I_kwDOJWyCVM5qz-D5	ubiquibot	https://github.com/ubiquity/card-issuance/issues/3
738	I_kwDOJWyCVM5qz-Er	ubiquibot	https://github.com/ubiquity/card-issuance/issues/2
739	I_kwDOJWyCVM5qz-PZ	ubiquibot	https://github.com/ubiquity/github-agents/issues/1
740	I_kwDOJWyCVM5q07WK	ubiquibot	https://github.com/ubiquity/ubiquibot/issues/477
742	I_kwDOJWyCVM5q2xNk	ubiquibot	https://github.com/ubiquity/ubiquibot/issues/479
743	I_kwDOJWyCVM5q3lcE	ubiquibot	https://github.com/ubiquity/ubiquity-dollar/issues/722
