720	I_kwDOJWyCVM5qcing	ubiquibot	https://github.com/ubiquity/ubiquity-dollar/issues/715
721	I_kwDOJWyCVM5qn8Lp	ubiquibot	https://github.com/ubiquity/ubiquibot/issues/461
722	I_kwDOJWyCVM5qn8Mf	ubiquibot	https://github.com/ubiquity/ubiquibot/issues/460
723	I_kwDOJWyCVM5qoQwg	ubiquibot	https://github.com/ubiquibot/quality-assurance-improvements/issues/3
724	I_kwDOJWyCVM5qopvT	ubiquibot	https://github.com/ubiquity/ubiquibot/issues/463
725	I_kwDOJWyCVM5qpB1O	ubiquibot	https://github.com/ubiquity/devpool-directory-tasks/issues/9
726	I_kwDOJWyCVM5qpb3k	ubiquibot	https://github.com/ubiquity/ubiquibot/issues/464
727	I_kwDOJWyCVM5qrg37	ubiquibot	https://github.com/ubiquity/ubiquibot/issues/467
728	I_kwDOJWyCVM5qrg5e	ubiquibot	https://github.com/ubiquity/ubiquibot/issues/466
729	I_kwDOJWyCVM5qsO3H	ubiquibot	https://github.com/ubiquity/ubiquibot/issues/468
730	I_kwDOJWyCVM5qxd5L	ubiquibot	https://github.com/ubiquity/ubiquibot/issues/474
731	I_kwDOJWyCVM5qyqp6	ubiquibot	https://github.com/ubiquity/ubiquibot/issues/475
734	I_kwDOJWyCVM5qz-BR	ubiquibot	https://github.com/ubiquity/card-issuance/issues/1
735	I_kwDOJWyCVM5qz-CH	ubiquibot	https://github.com/ubiquity/card-issuance/issues/5
736	I_kwDOJWyCVM5qz-DB	ubiquibot	https://github.com/ubiquity/card-issuance/issues/4
737	I_kwDOJWyCVM5qz-D5	ubiquibot	https://github.com/ubiquity/card-issuance/issues/3
738	I_kwDOJWyCVM5qz-Er	ubiquibot	https://github.com/ubiquity/card-issuance/issues/2
739	I_kwDOJWyCVM5qz-PZ	ubiquibot	https://github.com/ubiquity/github-agents/issues/1
740	I_kwDOJWyCVM5q07WK	ubiquibot	https://github.com/ubiquity/ubiquibot/issues/477
742	I_kwDOJWyCVM5q2xNk	ubiquibot	https://github.com/ubiquity/ubiquibot/issues/479
743	I_kwDOJWyCVM5q3lcE	ubiquibot	https://github.com/ubiquity/ubiquity-dollar/issues/722
745	I_kwDOJWyCVM5q6ii4	ubiquibot	https://github.com/ubiquity/ubiquibot/issues/481
746	I_kwDOJWyCVM5q7IOr	ubiquibot	https://github.com/ubiquity/ubiquibot/issues/482
747	I_kwDOJWyCVM5rAgQQ	ubiquibot	https://github.com/ubiquity/ubq.fi/issues/17
748	I_kwDOJWyCVM5rAgRY	ubiquibot	https://github.com/ubiquity/ubiquity-dollar/issues/728
749	I_kwDOJWyCVM5rDwxc	ubiquibot	https://github.com/ubiquity/pay.ubq.fi/issues/91
750	I_kwDOJWyCVM5rDw0Z	ubiquibot	https://github.com/ubiquity/ubiquibot/issues/483
751	I_kwDOJWyCVM5rEI_4	ubiquibot	https://github.com/ubiquity/ubiquity-dollar/issues/729
752	I_kwDOJWyCVM5rEgyM	ubiquibot	https://github.com/ubiquity/ts-template/issues/6
753	I_kwDOJWyCVM5rGK_m	ubiquibot	https://github.com/ubiquity/ubiquibot/issues/486
754	I_kwDOJWyCVM5rGmM2	ubiquibot	https://github.com/ubiquity/pay.ubq.fi/issues/95
755	I_kwDOJWyCVM5rGmOK	ubiquibot	https://github.com/ubiquity/ts-template/issues/7
756	I_kwDOJWyCVM5rJBJv	ubiquibot	https://github.com/ubiquity/pay.ubq.fi/issues/96
757	I_kwDOJWyCVM5rLSKu	ubiquibot	https://github.com/ubiquity/ubiquibot/issues/488
758	I_kwDOJWyCVM5rNKpE	ubiquibot	https://github.com/ubiquity/pay.ubq.fi/issues/97
759	I_kwDOJWyCVM5rNh0r	ubiquibot	https://github.com/ubiquity/ubiquity-dollar/issues/731
760	I_kwDOJWyCVM5rO2VT	ubiquibot	https://github.com/ubiquity/ubiquibot/issues/489
761	I_kwDOJWyCVM5rPWOq	ubiquibot	https://github.com/ubiquity/ubiquibot/issues/491
762	I_kwDOJWyCVM5rPWQG	ubiquibot	https://github.com/ubiquity/ubiquibot/issues/490
763	I_kwDOJWyCVM5rPzqw	ubiquibot	https://github.com/ubiquity/ubiquibot/issues/497
764	I_kwDOJWyCVM5rPzsE	ubiquibot	https://github.com/ubiquity/ubiquibot/issues/496
765	I_kwDOJWyCVM5rPztl	ubiquibot	https://github.com/ubiquity/ubiquibot/issues/495
766	I_kwDOJWyCVM5rPzvU	ubiquibot	https://github.com/ubiquity/ubiquibot/issues/494
767	I_kwDOJWyCVM5rPzxF	ubiquibot	https://github.com/ubiquity/ubiquibot/issues/493
768	I_kwDOJWyCVM5rPzyl	ubiquibot	https://github.com/ubiquity/ubiquibot/issues/492
769	I_kwDOJWyCVM5rUjg6	ubiquibot	https://github.com/ubiquity/pay.ubq.fi/issues/101
770	I_kwDOJWyCVM5rUjiW	ubiquibot	https://github.com/ubiquity/pay.ubq.fi/issues/100
771	I_kwDOJWyCVM5ra0y1	ubiquibot	https://github.com/ubiquity/pay.ubq.fi/issues/104
772	I_kwDOJWyCVM5rb6Eq	ubiquibot	https://github.com/ubiquity/ubiquibot/issues/500
773	I_kwDOJWyCVM5rd_nI	ubiquibot	https://github.com/ubiquity/ubiquibot/issues/503
774	I_kwDOJWyCVM5rd_oh	ubiquibot	https://github.com/ubiquity/ubiquibot/issues/502
775	I_kwDOJWyCVM5rebhq	ubiquibot	https://github.com/ubiquity/ubiquibot/issues/504
776	I_kwDOJWyCVM5rf-tj	ubiquibot	https://github.com/ubiquity/ubiquibot/issues/505
777	I_kwDOJWyCVM5rpSvi	ubiquibot	https://github.com/ubiquity/ubiquibot/issues/511
778	I_kwDOJWyCVM5rq_9h	ubiquibot	https://github.com/ubiquity/ubiquibot/issues/513
779	I_kwDOJWyCVM5rrfPF	ubiquibot	https://github.com/ubiquity/ubiquibot/issues/516
780	I_kwDOJWyCVM5ruHUR	ubiquibot	https://github.com/ubiquity/ubiquibot/issues/524
781	I_kwDOJWyCVM5ruHVc	ubiquibot	https://github.com/ubiquity/ubiquibot/issues/523
782	I_kwDOJWyCVM5ru4fg	ubiquibot	https://github.com/ubiquity/ubiquibot/issues/526
783	I_kwDOJWyCVM5r6Y0g	ubiquibot	https://github.com/ubiquity/ubiquibot/issues/533
784	I_kwDOJWyCVM5sCyxX	ubiquibot	https://github.com/ubiquity/ubiquibot/issues/542
785	I_kwDOJWyCVM5sNzne	ubiquibot	https://github.com/ubiquity/pay.ubq.fi/issues/110
786	I_kwDOJWyCVM5sNzqO	ubiquibot	https://github.com/ubiquity/ubiquibot/issues/547
787	I_kwDOJWyCVM5sNzrT	ubiquibot	https://github.com/ubiquity/ubiquibot/issues/546
788	I_kwDOJWyCVM5slZ82	ubiquibot	https://github.com/ubiquity/audit.ubq.fi/issues/5
789	I_kwDOJWyCVM5sv2UE	ubiquibot	https://github.com/ubiquity/ubiquibot/issues/549
790	I_kwDOJWyCVM5sw0mS	ubiquibot	https://github.com/ubiquity/ubiquity-dollar/issues/737
791	I_kwDOJWyCVM5sw0nt	ubiquibot	https://github.com/ubiquity/ubiquity-dollar/issues/736
792	I_kwDOJWyCVM5sxPmK	ubiquibot	https://github.com/ubiquity/ubiquity-dollar/issues/739
793	I_kwDOJWyCVM5sxPnL	ubiquibot	https://github.com/ubiquity/devpool-directory-tasks/issues/10
795	I_kwDOJWyCVM5sxmCf	ubiquibot	https://github.com/ubiquity/ubiquibot/issues/551
796	I_kwDOJWyCVM5sx6-h	ubiquibot	https://github.com/ubiquity/ubiquity-dollar/issues/740
798	I_kwDOJWyCVM5tJWMh	ubiquibot	https://github.com/ubiquity/ubiquibot/issues/569
799	I_kwDOJWyCVM5tR2Kg	ubiquibot	https://github.com/ubiquity/ubiquibot/issues/574
800	I_kwDOJWyCVM5tk3Ok	ubiquibot	https://github.com/ubiquity/ubiquibot/issues/584
801	I_kwDOJWyCVM5tk3Pt	ubiquibot	https://github.com/ubiquity/ubiquibot/issues/583
802	I_kwDOJWyCVM5tnAgu	ubiquibot	https://github.com/ubiquity/ubiquity-dollar/issues/746
804	I_kwDOJWyCVM5t011p	ubiquibot	https://github.com/ubiquity/ubiquibot/issues/589
805	I_kwDOJWyCVM5t1Hpi	ubiquibot	https://github.com/ubiquity/ubiquibot/issues/590
806	I_kwDOJWyCVM5t23se	ubiquibot	https://github.com/ubiquity/ubiquibot/issues/593
807	I_kwDOJWyCVM5t23ts	ubiquibot	https://github.com/ubiquity/ubiquibot/issues/592
808	I_kwDOJWyCVM5t42ll	ubiquibot	https://github.com/ubiquity/telegram-ubiquibot/issues/4
809	I_kwDOJWyCVM5t42mq	ubiquibot	https://github.com/ubiquity/telegram-ubiquibot/issues/3
810	I_kwDOJWyCVM5t42nu	ubiquibot	https://github.com/ubiquity/telegram-ubiquibot/issues/2
811	I_kwDOJWyCVM5t5x0R	ubiquibot	https://github.com/ubiquity/ubiquibot/issues/595
812	I_kwDOJWyCVM5t7Ism	ubiquibot	https://github.com/ubiquity/ubiquity-dollar/issues/752
813	I_kwDOJWyCVM5t7yIr	ubiquibot	https://github.com/ubiquity/telegram-ubiquibot/issues/5
814	I_kwDOJWyCVM5t-0yZ	ubiquibot	https://github.com/ubiquity/ubiquibot/issues/599
818	I_kwDOJWyCVM5t_rzg	ubiquibot	https://github.com/ubiquity/ubiquibot/issues/600
821	I_kwDOJWyCVM5uA_ml	ubiquibot	https://github.com/ubiquity/ubiquibot/issues/601
822	I_kwDOJWyCVM5uBUFy	ubiquibot	https://github.com/ubiquity/ubiquity-dollar/issues/754
824	I_kwDOJWyCVM5uBzrx	ubiquibot	https://github.com/ubiquity/ubiquibot/issues/606
825	I_kwDOJWyCVM5uCPke	ubiquibot	https://github.com/ubiquity/ubiquity-dollar/issues/756
826	I_kwDOJWyCVM5uCPk6	ubiquibot	https://github.com/ubiquity/telegram-ubiquibot/issues/9
827	I_kwDOJWyCVM5uDfk0	ubiquibot	https://github.com/ubiquity/ubiquibot/issues/609
828	I_kwDOJWyCVM5uKxVm	ubiquibot	https://github.com/ubiquity/ubiquibot/issues/612
829	I_kwDOJWyCVM5uM67x	ubiquibot	https://github.com/ubiquity/ubiquibot/issues/613
830	I_kwDOJWyCVM5uVSML	ubiquibot	https://github.com/ubiquity/ubiquibot/issues/619
831	I_kwDOJWyCVM5uViMq	ubiquibot	https://github.com/ubiquity/ubiquibot/issues/620
832	I_kwDOJWyCVM5ueYNe	ubiquibot	https://github.com/ubiquity/ubiquibot/issues/623
833	I_kwDOJWyCVM5ueYSJ	ubiquibot	https://github.com/ubiquity/telegram-ubiquibot/issues/13
834	I_kwDOJWyCVM5uexBD	ubiquibot	https://github.com/ubiquity/ubiquibot/issues/625
835	I_kwDOJWyCVM5uexB5	ubiquibot	https://github.com/ubiquity/ubiquibot/issues/624
836	I_kwDOJWyCVM5ugrgx	ubiquibot	https://github.com/ubiquity/ubiquibot/issues/626
837	I_kwDOJWyCVM5ujfp6	ubiquibot	https://github.com/ubiquity/ubiquibot/issues/631
838	I_kwDOJWyCVM5ujfq_	ubiquibot	https://github.com/ubiquity/ubiquibot/issues/630
839	I_kwDOJWyCVM5ujfsE	ubiquibot	https://github.com/ubiquity/ubiquibot/issues/629
840	I_kwDOJWyCVM5ujftO	ubiquibot	https://github.com/ubiquity/ubiquibot/issues/628
841	I_kwDOJWyCVM5unBnV	ubiquibot	https://github.com/ubiquity/ubiquibot/issues/635
842	I_kwDOJWyCVM5unBoV	ubiquibot	https://github.com/ubiquity/ubiquibot/issues/634
843	I_kwDOJWyCVM5unBpH	ubiquibot	https://github.com/ubiquity/ubiquibot/issues/633
844	I_kwDOJWyCVM5unBpo	ubiquibot	https://github.com/ubiquity/ubiquibot/issues/632
845	I_kwDOJWyCVM5uv-mg	ubiquibot	https://github.com/ubiquity/ubiquibot/issues/641
846	I_kwDOJWyCVM5uwY3i	ubiquibot	https://github.com/ubiquity/ubiquibot/issues/647
847	I_kwDOJWyCVM5uwfLY	ubiquibot	https://github.com/ubiquity/ubiquibot/issues/648
848	I_kwDOJWyCVM5u4gAX	ubiquibot	https://github.com/ubiquity/ubiquibot-telegram/issues/18
849	I_kwDOJWyCVM5u4sLy	ubiquibot	https://github.com/ubiquity/ubiquibot/issues/651
850	I_kwDOJWyCVM5u423T	ubiquibot	https://github.com/ubiquity/ubiquibot/issues/652
851	I_kwDOJWyCVM5u7unb	ubiquibot	https://github.com/ubiquity/ubiquibot/issues/653
852	I_kwDOJWyCVM5u9ylb	ubiquibot	https://github.com/ubiquity/ubiquibot/issues/655
853	I_kwDOJWyCVM5u9ymc	ubiquibot	https://github.com/ubiquity/ubiquibot/issues/654
854	I_kwDOJWyCVM5vCHA-	ubiquibot	https://github.com/ubiquity/ubiquibot/issues/659
855	I_kwDOJWyCVM5vIB2m	ubiquibot	https://github.com/ubiquity/ubiquibot/issues/666
856	I_kwDOJWyCVM5vIB3O	ubiquibot	https://github.com/ubiquity/ubiquibot/issues/665
857	I_kwDOJWyCVM5vJdYX	ubiquibot	https://github.com/ubiquity/ubiquibot/issues/667
858	I_kwDOJWyCVM5vLdR7	ubiquibot	https://github.com/ubiquity/pay.ubq.fi/issues/121
859	I_kwDOJWyCVM5vTV-7	ubiquibot	https://github.com/ubiquity/ubiquity-dollar/issues/774
860	I_kwDOJWyCVM5vTV_z	ubiquibot	https://github.com/ubiquity/ubiquity-dollar/issues/773
861	I_kwDOJWyCVM5vTWA6	ubiquibot	https://github.com/ubiquity/ubiquity-dollar/issues/772
862	I_kwDOJWyCVM5vTpUZ	ubiquibot	https://github.com/ubiquity/ubiquity-dollar/issues/775
863	I_kwDOJWyCVM5vUslH	ubiquibot	https://github.com/ubiquity/ubiquibot/issues/669
864	I_kwDOJWyCVM5vVmUY	ubiquibot	https://github.com/ubiquity/telegram-ubiquibot/issues/20
865	I_kwDOJWyCVM5vW1pw	ubiquibot	https://github.com/ubiquity/ubiquibot/issues/672
866	I_kwDOJWyCVM5vW76P	ubiquibot	https://github.com/ubiquity/ubiquibot/issues/673
867	I_kwDOJWyCVM5vW-h3	ubiquibot	https://github.com/ubiquity/ubiquibot/issues/676
868	I_kwDOJWyCVM5vXaJV	ubiquibot	https://github.com/ubiquity/ubiquibot/issues/679
869	I_kwDOJWyCVM5vXiUX	ubiquibot	https://github.com/ubiquity/ubiquibot/issues/681
870	I_kwDOJWyCVM5vXiUt	ubiquibot	https://github.com/ubiquity/ubiquibot/issues/680
871	I_kwDOJWyCVM5vbcLx	ubiquibot	https://github.com/ubiquity/ubiquity-dollar/issues/780
872	I_kwDOJWyCVM5vfLld	ubiquibot	https://github.com/ubiquity/ubiquibot/issues/685
873	I_kwDOJWyCVM5vf6mf	ubiquibot	https://github.com/ubiquity/ubiquibot/issues/686
874	I_kwDOJWyCVM5vh3sb	ubiquibot	https://github.com/ubiquity/ubiquibot/issues/687
876	I_kwDOJWyCVM5vkTq2	ubiquibot	https://github.com/ubiquity/ubiquity-dollar/issues/786
877	I_kwDOJWyCVM5vkTs9	ubiquibot	https://github.com/ubiquity/ubiquity-dollar/issues/785
878	I_kwDOJWyCVM5vkTvR	ubiquibot	https://github.com/ubiquity/ubiquity-dollar/issues/784
879	I_kwDOJWyCVM5vkTyB	ubiquibot	https://github.com/ubiquity/ubiquity-dollar/issues/783
880	I_kwDOJWyCVM5vkwKS	ubiquibot	https://github.com/ubiquity/ubiquibot/issues/690
881	I_kwDOJWyCVM5vvz2c	ubiquibot	https://github.com/ubiquity/ubiquibot/issues/693
887	I_kwDOJWyCVM5v4yuH	ubiquibot	https://github.com/ubiquity/ubiquibot/issues/701
888	I_kwDOJWyCVM5v64_g	ubiquibot	https://github.com/ubiquity/devpool-directory-tasks/issues/11
889	I_kwDOJWyCVM5v_i-W	ubiquibot	https://github.com/ubiquity/ubiquibot/issues/710
890	I_kwDOJWyCVM5v_i-g	ubiquibot	https://github.com/ubiquity/ubiquibot/issues/709
891	I_kwDOJWyCVM5wAG4r	ubiquibot	https://github.com/ubiquity/ubiquibot/issues/711
892	I_kwDOJWyCVM5wCvFT	ubiquibot	https://github.com/ubiquity/ubiquibot/issues/712
893	I_kwDOJWyCVM5wCvGl	ubiquibot	https://github.com/ubiquity/ubiquibot/issues/705
894	I_kwDOJWyCVM5wCvHq	ubiquibot	https://github.com/ubiquity/ubiquibot/issues/704
895	I_kwDOJWyCVM5wERUi	ubiquibot	https://github.com/ubiquity/ubiquibot/issues/713
896	I_kwDOJWyCVM5wHIRj	ubiquibot	https://github.com/ubiquity/ubiquibot/issues/716
897	I_kwDOJWyCVM5wHIR_	ubiquibot	https://github.com/ubiquity/ubiquibot/issues/715
898	I_kwDOJWyCVM5wHQ3j	ubiquibot	https://github.com/ubiquity/ubiquibot/issues/717
899	I_kwDOJWyCVM5wHQ5Y	ubiquibot	https://github.com/ubiquity/telegram-ubiquibot/issues/21
900	I_kwDOJWyCVM5wHag0	ubiquibot	https://github.com/ubiquity/ubiquibot/issues/721
901	I_kwDOJWyCVM5wHahL	ubiquibot	https://github.com/ubiquity/ubiquibot/issues/720
902	I_kwDOJWyCVM5wHahc	ubiquibot	https://github.com/ubiquity/ubiquibot/issues/719
903	I_kwDOJWyCVM5wHaiG	ubiquibot	https://github.com/ubiquity/ubiquibot/issues/718
904	I_kwDOJWyCVM5wJNwY	ubiquibot	https://github.com/ubiquity/pay.ubq.fi/issues/126
905	I_kwDOJWyCVM5wLlgJ	ubiquibot	https://github.com/ubiquity/ubiquibot/issues/725
906	I_kwDOJWyCVM5wRYWy	ubiquibot	https://github.com/ubiquity/ubiquibot/issues/729
907	I_kwDOJWyCVM5wZtui	ubiquibot	https://github.com/ubiquity/ubiquibot/issues/732
908	I_kwDOJWyCVM5wgJ8i	ubiquibot	https://github.com/ubiquity/ubiquibot/issues/737
909	I_kwDOJWyCVM5wm7df	ubiquibot	https://github.com/ubiquity/ubiquibot/issues/741
910	I_kwDOJWyCVM5wm7ei	ubiquibot	https://github.com/ubiquity/ubiquibot-telegram/issues/24
911	I_kwDOJWyCVM5wm7e4	ubiquibot	https://github.com/ubiquity/ubiquibot-telegram/issues/23
912	I_kwDOJWyCVM5wnBUa	ubiquibot	https://github.com/ubiquity/ubiquibot/issues/746
913	I_kwDOJWyCVM5wnBUn	ubiquibot	https://github.com/ubiquity/ubiquibot/issues/743
914	I_kwDOJWyCVM5wtCw9	ubiquibot	https://github.com/ubiquity/pay.ubq.fi/issues/130
915	I_kwDOJWyCVM5wtCyS	ubiquibot	https://github.com/ubiquity/pay.ubq.fi/issues/124
916	I_kwDOJWyCVM5wtXpJ	ubiquibot	https://github.com/ubiquity/ubiquibot/issues/754
917	I_kwDOJWyCVM5wweYt	ubiquibot	https://github.com/ubiquity/pay.ubq.fi/issues/133
918	I_kwDOJWyCVM5wyH64	ubiquibot	https://github.com/ubiquity/ubiquibot/issues/758
919	I_kwDOJWyCVM5w54ZM	ubiquibot	https://github.com/ubiquity/ubiquibot/issues/764
920	I_kwDOJWyCVM5w8-jo	ubiquibot	https://github.com/ubiquity/ubiquibot/issues/765
921	I_kwDOJWyCVM5w-gX1	ubiquibot	https://github.com/ubiquity/pay.ubq.fi/issues/134
922	I_kwDOJWyCVM5w-wDT	ubiquibot	https://github.com/ubiquity/ubiquibot/issues/768
923	I_kwDOJWyCVM5w-wD0	ubiquibot	https://github.com/ubiquity/ubiquibot/issues/767
924	I_kwDOJWyCVM5xARIm	ubiquibot	https://github.com/ubiquity/pay.ubq.fi/issues/135
925	I_kwDOJWyCVM5xEKhj	ubiquibot	https://github.com/ubiquity/onboard.ubq.fi/issues/6
926	I_kwDOJWyCVM5xEKih	ubiquibot	https://github.com/ubiquity/pay.ubq.fi/issues/136
927	I_kwDOJWyCVM5xEKnF	ubiquibot	https://github.com/ubiquity/ubiquibot/issues/769
928	I_kwDOJWyCVM5xEfeu	ubiquibot	https://github.com/ubiquity/ubiquibot/issues/770
929	I_kwDOJWyCVM5xFGRj	ubiquibot	https://github.com/ubiquity/pay.ubq.fi/issues/138
930	I_kwDOJWyCVM5xFbjg	ubiquibot	https://github.com/ubiquity/ubiquibot/issues/773
931	I_kwDOJWyCVM5xFbkQ	ubiquibot	https://github.com/ubiquity/ubiquibot/issues/772
932	I_kwDOJWyCVM5xNxZv	ubiquibot	https://github.com/ubiquity/ubiquibot/issues/777
933	I_kwDOJWyCVM5xUbqn	ubiquibot	https://github.com/ubiquity/ubiquibot/issues/780
934	I_kwDOJWyCVM5xk8Rp	ubiquibot	https://github.com/ubiquity/ubiquibot/issues/787
935	I_kwDOJWyCVM5xlhVC	ubiquibot	https://github.com/ubiquity/ubiquibot/issues/788
936	I_kwDOJWyCVM5xlhWC	ubiquibot	https://github.com/ubiquity/ubiquibot/issues/742
937	I_kwDOJWyCVM5xnGFh	ubiquibot	https://github.com/ubiquity/ubiquibot/issues/790
938	I_kwDOJWyCVM5xoVH0	ubiquibot	https://github.com/ubiquity/ubiquibot/issues/791
939	I_kwDOJWyCVM5xoxtg	ubiquibot	https://github.com/ubiquity/ubiquibot-telegram/issues/26
940	I_kwDOJWyCVM5xpNuE	ubiquibot	https://github.com/ubiquity/ubiquibot-telegram/issues/29
941	I_kwDOJWyCVM5xpNvT	ubiquibot	https://github.com/ubiquity/ubiquibot-telegram/issues/28
942	I_kwDOJWyCVM5xpNwh	ubiquibot	https://github.com/ubiquity/ubiquibot-telegram/issues/27
943	I_kwDOJWyCVM5xrA2A	ubiquibot	https://github.com/ubiquity/ubiquibot-telegram/issues/32
944	I_kwDOJWyCVM5xspOz	ubiquibot	https://github.com/ubiquity/ubiquibot/issues/793
945	I_kwDOJWyCVM5xspUs	ubiquibot	https://github.com/ubiquity/ubiquibot-telegram/issues/31
946	I_kwDOJWyCVM5xuF4d	ubiquibot	https://github.com/ubiquity/ubiquibot-telegram/issues/34
947	I_kwDOJWyCVM5xvs4q	ubiquibot	https://github.com/ubiquity/ubiquibot/issues/796
948	I_kwDOJWyCVM5xxLns	ubiquibot	https://github.com/ubiquity/ubiquibot-telegram/issues/36
949	I_kwDOJWyCVM5x01gI	ubiquibot	https://github.com/ubiquity/ubiquibot/issues/799
950	I_kwDOJWyCVM5x04Rl	ubiquibot	https://github.com/ubiquity/ubiquibot/issues/800
951	I_kwDOJWyCVM5x04SU	ubiquibot	https://github.com/ubiquity/ubiquibot-telegram/issues/37
952	I_kwDOJWyCVM5x1gIb	ubiquibot	https://github.com/ubiquity/ubiquibot/issues/804
953	I_kwDOJWyCVM5x1gIo	ubiquibot	https://github.com/ubiquity/ubiquibot/issues/803
954	I_kwDOJWyCVM5x1lBI	ubiquibot	https://github.com/ubiquity/ubiquibot/issues/807
955	I_kwDOJWyCVM5x1pTX	ubiquibot	https://github.com/ubiquity/ubiquibot/issues/811
956	I_kwDOJWyCVM5x1pTg	ubiquibot	https://github.com/ubiquity/ubiquibot/issues/810
957	I_kwDOJWyCVM5x1pTu	ubiquibot	https://github.com/ubiquity/ubiquibot/issues/809
958	I_kwDOJWyCVM5x1pT-	ubiquibot	https://github.com/ubiquity/ubiquibot/issues/808
959	I_kwDOJWyCVM5x1tqe	ubiquibot	https://github.com/ubiquity/ubiquibot/issues/812
960	I_kwDOJWyCVM5x1yMV	ubiquibot	https://github.com/ubiquity/ubiquibot/issues/814
961	I_kwDOJWyCVM5x2xOz	ubiquibot	https://github.com/ubiquity/ubiquibot/issues/819
962	I_kwDOJWyCVM5x5sfY	ubiquibot	https://github.com/ubiquity/ubiquity-dollar/issues/793
963	I_kwDOJWyCVM5x8v-2	ubiquibot	https://github.com/ubiquity/ubiquibot/issues/836
964	I_kwDOJWyCVM5x8wAW	ubiquibot	https://github.com/ubiquity/ubiquibot/issues/835
965	I_kwDOJWyCVM5x8wB1	ubiquibot	https://github.com/ubiquity/ubiquibot/issues/823
966	I_kwDOJWyCVM5x9kXI	ubiquibot	https://github.com/ubiquity/ubiquibot/issues/834
967	I_kwDOJWyCVM5x-Nzj	ubiquibot	https://github.com/ubiquity/ubiquibot/issues/837
968	I_kwDOJWyCVM5x-1m8	ubiquibot	https://github.com/ubiquity/ubiquibot/issues/838
969	I_kwDOJWyCVM5yBZmi	ubiquibot	https://github.com/ubiquity/ubiquibot-telegram/issues/41
970	I_kwDOJWyCVM5yJByK	ubiquibot	https://github.com/ubiquity/pay.ubq.fi/issues/139
971	I_kwDOJWyCVM5yR2y7	ubiquibot	https://github.com/ubiquity/ubiquibot/issues/846
972	I_kwDOJWyCVM5zwvsp	ubiquibot	https://github.com/ubiquity/ubiquibot/issues/859
973	I_kwDOJWyCVM5z0Hll	ubiquibot	https://github.com/ubiquity/ubiquibot/issues/853
974	I_kwDOJWyCVM5z-ANg	ubiquibot	https://github.com/ubiquity/ubiquity-dollar/issues/807
976	I_kwDOJWyCVM50aqDc	ubiquibot	https://github.com/ubiquity/ubiquibot/issues/865
977	I_kwDOJWyCVM503jkT	ubiquibot	https://github.com/ubiquity/ubiquity-dollar/issues/826
978	I_kwDOJWyCVM50_M3E	ubiquibot	https://github.com/ubiquity/pay.ubq.fi/issues/142
981	I_kwDOJWyCVM52PTyb	ubiquibot	https://github.com/ubiquity/ubiquibot/issues/870
983	I_kwDOJWyCVM52o7hp	ubiquibot	https://github.com/ubiquity/ubiquity-dollar/issues/830
985	I_kwDOJWyCVM5252Kl	ubiquibot	https://github.com/ubiquity/ubiquity-dollar/issues/833
987	I_kwDOJWyCVM53Fl73	ubiquibot	https://github.com/ubiquity/ubiquibot/issues/889
988	I_kwDOJWyCVM53Fl8c	ubiquibot	https://github.com/ubiquity/ubiquibot/issues/888
989	I_kwDOJWyCVM53Fl9H	ubiquibot	https://github.com/ubiquity/ubiquibot/issues/887
991	I_kwDOJWyCVM53R_TX	ubiquibot	https://github.com/ubiquity/ubiquity-dollar/issues/839
992	I_kwDOJWyCVM53TkUS	ubiquibot	https://github.com/ubiquity/ubiquibot/issues/893
994	I_kwDOJWyCVM53Yw4b	ubiquibot	https://github.com/ubiquity/.github/issues/90
995	I_kwDOJWyCVM53Yw5Z	ubiquibot	https://github.com/ubiquity/business-development/issues/66
996	I_kwDOJWyCVM53Yw6m	ubiquibot	https://github.com/ubiquity/business-development/issues/38
997	I_kwDOJWyCVM53Yw7j	ubiquibot	https://github.com/ubiquity/business-development/issues/37
998	I_kwDOJWyCVM53Yw8j	ubiquibot	https://github.com/ubiquity/business-development/issues/35
999	I_kwDOJWyCVM53Yw9h	ubiquibot	https://github.com/ubiquity/business-development/issues/30
1000	I_kwDOJWyCVM53Yw-i	ubiquibot	https://github.com/ubiquity/business-development/issues/23
1001	I_kwDOJWyCVM53Yw_z	ubiquibot	https://github.com/ubiquity/business-development/issues/24
1002	I_kwDOJWyCVM53YxB6	ubiquibot	https://github.com/ubiquity/business-development/issues/22
1003	I_kwDOJWyCVM53YxDn	ubiquibot	https://github.com/ubiquity/business-development/issues/21
1004	I_kwDOJWyCVM53YxFS	ubiquibot	https://github.com/ubiquity/business-development/issues/13
1005	I_kwDOJWyCVM53YxHZ	ubiquibot	https://github.com/ubiquity/business-development/issues/55
1006	I_kwDOJWyCVM53YxJT	ubiquibot	https://github.com/ubiquity/research/issues/64
1007	I_kwDOJWyCVM53YxKq	ubiquibot	https://github.com/ubiquity/research/issues/63
1008	I_kwDOJWyCVM53YxMG	ubiquibot	https://github.com/ubiquity/research/issues/33
1009	I_kwDOJWyCVM53YxNb	ubiquibot	https://github.com/ubiquity/card-issuance/issues/26
1010	I_kwDOJWyCVM53YxOi	ubiquibot	https://github.com/ubiquity/card-issuance/issues/23
1011	I_kwDOJWyCVM53YxPl	ubiquibot	https://github.com/ubiquity/card-issuance/issues/22
1012	I_kwDOJWyCVM53YxQl	ubiquibot	https://github.com/ubiquity/card-issuance/issues/6
1013	I_kwDOJWyCVM53YxRk	ubiquibot	https://github.com/ubiquity/card-issuance/issues/9
1014	I_kwDOJWyCVM53YxSn	ubiquibot	https://github.com/ubiquity/ubiquibar/issues/10
1015	I_kwDOJWyCVM53YxTR	ubiquibot	https://github.com/ubiquity/ubiquibar/issues/9
1016	I_kwDOJWyCVM53YxUL	ubiquibot	https://github.com/ubiquity/ubiquibar/issues/8
1017	I_kwDOJWyCVM53YxVR	ubiquibot	https://github.com/ubiquity/faucet/issues/2
1019	I_kwDOJWyCVM567O84	ubiquibot	https://github.com/ubiquity/ubiquity-dollar/issues/862
1020	I_kwDOJWyCVM58b1q9	ubiquibot	https://github.com/ubiquity/work.ubq.fi/issues/1
1024	I_kwDOJWyCVM59Fd6j	0x4007	https://github.com/ubiquity/devpool-directory-tasks/issues/12
1025	I_kwDOJWyCVM59L8rd	ubiquibot	https://github.com/ubiquity/devpool-directory-tasks/issues/13
1026	I_kwDOJWyCVM59e7UJ	ubiquibot	https://github.com/ubiquity/nft-rewards/issues/2
1033	I_kwDOJWyCVM59iNe-	ubiquibot	https://github.com/ubiquity/work.ubq.fi/issues/6
1034	I_kwDOJWyCVM59iNfq	ubiquibot	https://github.com/ubiquity/work.ubq.fi/issues/2
1035	I_kwDOJWyCVM59rP-i	ubiquibot	https://github.com/ubiquity/ts-template/issues/10
1037	I_kwDOJWyCVM59wGwt	ubiquibot	https://github.com/ubiquity/work.ubq.fi/issues/12
1039	I_kwDOJWyCVM5-C7O3	ubiquibot	https://github.com/ubiquity/pay.ubq.fi/issues/149
1040	I_kwDOJWyCVM5-C7Pj	ubiquibot	https://github.com/ubiquity/devpool-directory-tasks/issues/14
1041	I_kwDOJWyCVM5-EuXH	ubiquibot	https://github.com/ubiquity/nft-rewards/issues/4
1042	I_kwDOJWyCVM5-EuX_	ubiquibot	https://github.com/ubiquity/nft-rewards/issues/3
1043	I_kwDOJWyCVM5-EuYx	ubiquibot	https://github.com/ubiquity/nft-rewards/issues/1
1044	I_kwDOJWyCVM5-pD3l	ubiquibot	https://github.com/ubiquity/pay.ubq.fi/issues/153
1045	I_kwDOJWyCVM5-qAiA	ubiquibot	https://github.com/ubiquity/.github/issues/95
1048	I_kwDOJWyCVM5_C-Pk	ubiquibot	https://github.com/ubiquity/ubiquity-dollar/issues/895
1050	I_kwDOJWyCVM5_R1fW	ubiquibot	https://github.com/ubiquibot/comment-incentives/issues/19
1051	I_kwDOJWyCVM5_R1fr	ubiquibot	https://github.com/ubiquibot/comment-incentives/issues/18
1053	I_kwDOJWyCVM5_R1gR	ubiquibot	https://github.com/ubiquibot/comment-incentives/issues/8
1054	I_kwDOJWyCVM5_R1gf	ubiquibot	https://github.com/ubiquibot/comment-incentives/issues/5
1056	I_kwDOJWyCVM5_R1hI	ubiquibot	https://github.com/ubiquibot/comment-incentives/issues/1
1057	I_kwDOJWyCVM5_SWMh	ubiquibot	https://github.com/ubiquity/pay.ubq.fi/issues/155
1058	I_kwDOJWyCVM5_UoW0	ubiquibot	https://github.com/ubiquity/devpool-directory-tasks/issues/15
1059	I_kwDOJWyCVM5_VPSS	ubiquibot	https://github.com/ubiquity/pay.ubq.fi/issues/158
1060	I_kwDOJWyCVM5_Vso3	ubiquibot	https://github.com/ubiquity/onboard.ubq.fi/issues/3
1061	I_kwDOJWyCVM5_WrlQ	ubiquibot	https://github.com/ubiquity/recruiting/issues/3
1063	I_kwDOJWyCVM5_eKdo	ubiquibot	https://github.com/ubiquity/ubiquity-dollar/issues/897
1064	I_kwDOJWyCVM5_fzmL	ubiquibot	https://github.com/ubiquibot/comment-incentives/issues/22
1065	I_kwDOJWyCVM5_gR3a	ubiquibot	https://github.com/ubiquibot/comment-incentives/issues/24
1066	I_kwDOJWyCVM5_hI0M	ubiquibot	https://github.com/ubiquibot/comment-incentives/issues/27
1067	I_kwDOJWyCVM5_jC8u	ubiquibot	https://github.com/ubiquity/pay.ubq.fi/issues/166
1070	I_kwDOJWyCVM5_jHp_	ubiquibot	https://github.com/ubiquibot/.github/issues/3
1071	I_kwDOJWyCVM5_kKSr	ubiquibot	https://github.com/ubiquity-os/ubiquity-os-kernel/issues/24
1072	I_kwDOJWyCVM5_mZkN	ubiquibot	https://github.com/ubiquibot/comment-incentives/issues/28
1073	I_kwDOJWyCVM5_mseF	ubiquibot	https://github.com/ubiquity/devpool-directory-tasks/issues/17
1074	I_kwDOJWyCVM5_sCtu	ubiquibot	https://github.com/ubiquity/ts-template/issues/12
1076	I_kwDOJWyCVM5_2GYP	ubiquibot	https://github.com/ubiquity/pay.ubq.fi/issues/168
1077	I_kwDOJWyCVM5_8uwV	ubiquibot	https://github.com/ubiquity/work.ubq.fi/issues/14
1078	I_kwDOJWyCVM5_9LnE	ubiquibot	https://github.com/ubiquity/audit.ubq.fi/issues/3
1079	I_kwDOJWyCVM6ABvgc	ubiquibot	https://github.com/ubiquity/pay.ubq.fi/issues/171
1080	I_kwDOJWyCVM6ADc0r	ubiquibot	https://github.com/ubiquity/ts-template/issues/15
1082	I_kwDOJWyCVM6AEPkT	ubiquibot	https://github.com/ubiquity/.github/issues/98
1084	I_kwDOJWyCVM6ARA7i	ubiquibot	https://github.com/ubiquity/devpool-directory-tasks/issues/18
1085	I_kwDOJWyCVM6ATFY6	ubiquibot	https://github.com/ubiquity/cloudflare-deploy-action/issues/1
1088	I_kwDOJWyCVM6AcsHt	ubiquibot	https://github.com/ubiquity/rpc-handler/issues/3
1090	I_kwDOJWyCVM6AjQVM	ubiquibot	https://github.com/ubiquity/business-development/issues/70
1092	I_kwDOJWyCVM6AyWR4	ubiquibot	https://github.com/ubiquity/pay.ubq.fi/issues/182
1095	I_kwDOJWyCVM6BBq0Q	ubiquibot	https://github.com/ubiquity/onboard.ubq.fi/issues/4
1097	I_kwDOJWyCVM6BC_bK	ubiquibot	https://github.com/ubiquity/ts-template/issues/17
1098	I_kwDOJWyCVM6BDVbN	ubiquibot	https://github.com/ubiquity/ts-template/issues/18
1099	I_kwDOJWyCVM6BDVbi	ubiquibot	https://github.com/ubiquity/work.ubq.fi/issues/20
1100	I_kwDOJWyCVM6BEDDA	ubiquibot	https://github.com/0x4007/uad.ubq.fi/issues/1
1101	I_kwDOJWyCVM6BELal	ubiquibot	https://github.com/ubiquity/work.ubq.fi/issues/21
1103	I_kwDOJWyCVM6BGQKF	ubiquibot	https://github.com/ubiquity/onboard.ubq.fi/issues/5
1106	I_kwDOJWyCVM6BHM9s	ubiquibot	https://github.com/ubiquity/ts-template/issues/20
1108	I_kwDOJWyCVM6BQE8K	ubiquibot	https://github.com/ubiquity/rpc-handler/issues/2
1110	I_kwDOJWyCVM6BZASk	ubiquibot	https://github.com/ubiquity/ts-template/issues/28
1111	I_kwDOJWyCVM6BZAUB	ubiquibot	https://github.com/ubiquity-os/ubiquity-os-kernel/issues/27
1112	I_kwDOJWyCVM6BZIWN	ubiquibot	https://github.com/ubiquity/card-issuance/issues/39
1113	I_kwDOJWyCVM6BZIYH	ubiquibot	https://github.com/ubiquity/research/issues/139
1114	I_kwDOJWyCVM6BZypW	ubiquibot	https://github.com/ubiquibot/conversation-rewards/issues/13
1115	I_kwDOJWyCVM6BbnQ0	ubiquibot	https://github.com/ubiquity-os/ubiquity-os-kernel/issues/26
1117	I_kwDOJWyCVM6BpXLA	ubiquibot-rndquu	https://github.com/ubiquity/devpool-directory-bounties/issues/19
1118	I_kwDOJWyCVM6BpZub	ubiquibot	https://github.com/ubiquity/devpool-directory-tasks/issues/19
1120	I_kwDOJWyCVM6Bw0sO	ubiquibot	https://github.com/ubiquity/series-a/issues/13
1122	I_kwDOJWyCVM6ByrpW	ubiquibot	https://github.com/ubiquity/pay.ubq.fi/issues/192
1123	I_kwDOJWyCVM6Byrpc	ubiquibot	https://github.com/ubiquity/pay.ubq.fi/issues/191
1124	I_kwDOJWyCVM6B1YOQ	ubiquibot	https://github.com/ubiquity/pay.ubq.fi/issues/195
1125	I_kwDOJWyCVM6B1o5j	ubiquibot	https://github.com/ubiquity/pay.ubq.fi/issues/196
1126	I_kwDOJWyCVM6B68mT	ubiquibot	https://github.com/ubiquity/pay.ubq.fi/issues/199
1127	I_kwDOJWyCVM6B-fWn	ubiquibot-devpanther	https://github.com/ubiquity/ts-template/issues/33
1130	I_kwDOJWyCVM6B_XfR	ubiquibot	https://github.com/ubiquity/hackbar/issues/1
1132	I_kwDOJWyCVM6CH8tV	ubiquibot	https://github.com/ubiquity/devpool-directory-tasks/issues/21
1133	I_kwDOJWyCVM6CIBTV	ubiquibot-devpanther	https://github.com/ubiquity/work.ubq.fi/issues/26
1135	I_kwDOJWyCVM6CIkjr	ubiquibot-devpanther	https://github.com/ubiquity/pay.ubq.fi/issues/200
1136	I_kwDOJWyCVM6CIkks	ubiquibot-devpanther	https://github.com/ubiquity/hackbar/issues/2
1141	I_kwDOJWyCVM6CRfGN	ubiquibot	https://github.com/ubiquity/devpool-directory-tasks/issues/22
1142	I_kwDOJWyCVM6CUXKG	ubiquibot	https://github.com/ubiquibot/comment-incentives/issues/31
1143	I_kwDOJWyCVM6CYasI	ubiquibot	https://github.com/ubiquity/.github/issues/100
1144	I_kwDOJWyCVM6CZ1LA	ubiquibot	https://github.com/ubiquity-os-marketplace/text-conversation-rewards/issues/2
1146	I_kwDOJWyCVM6Ck1gN	ubiquibot	https://github.com/ubiquity/pay.ubq.fi/issues/205
1147	I_kwDOJWyCVM6C1sXx	ubiquibot	https://github.com/ubiquity/cloudflare-deploy-action/issues/6
1148	I_kwDOJWyCVM6C22l8	ubiquibot	https://github.com/ubiquity/work.ubq.fi/issues/30
1149	I_kwDOJWyCVM6C5m0O	ubiquibot	https://github.com/ubiquity/work.ubq.fi/issues/31
1151	I_kwDOJWyCVM6DbZUp	ubiquibot	https://github.com/ubiquity/pay.ubq.fi/issues/210
1152	I_kwDOJWyCVM6DcaRN	ubiquibot	https://github.com/ubiquity-os-marketplace/text-conversation-rewards/issues/4
1153	I_kwDOJWyCVM6Dc4ti	ubiquibot	https://github.com/ubiquity/devpool-directory-tasks/issues/24
1154	I_kwDOJWyCVM6Dc4uy	ubiquibot	https://github.com/ubiquity/devpool-directory-tasks/issues/23
1160	I_kwDOJWyCVM6D_mfS	ubiquibot	https://github.com/ubiquity/cloudflare-deploy-action/issues/8
1161	I_kwDOJWyCVM6EE95F	ubiquibot	https://github.com/ubiquity/pay.ubq.fi/issues/215
1162	I_kwDOJWyCVM6EGiFp	ubiquibot	https://github.com/ubiquity/cloudflare-deploy-action/issues/9
1164	I_kwDOJWyCVM6EPrpY	ubiquibot	https://github.com/ubiquity-os-marketplace/text-conversation-rewards/issues/5
1169	I_kwDOJWyCVM6E2BGx	ubiquibot	https://github.com/ubiquity/pay.ubq.fi/issues/217
1170	I_kwDOJWyCVM6FI68i	ubiquibot	https://github.com/ubiquity-os/permit-generation/issues/12
1171	I_kwDOJWyCVM6Fr-2W	ubiquibot	https://github.com/ubiquity/pay.ubq.fi/issues/222
1174	I_kwDOJWyCVM6GAilQ	ubiquibot	https://github.com/ubiquity/ubiquity-dollar/issues/925
1175	I_kwDOJWyCVM6GBEOa	ubiquibot	https://github.com/ubiquity/work.ubq.fi/issues/43
1176	I_kwDOJWyCVM6GPYJl	ubiquibot	https://github.com/ubiquity/ts-template/issues/39
1177	I_kwDOJWyCVM6GWwmK	ubiquibot	https://github.com/ubiquity-os-marketplace/text-conversation-rewards/issues/13
1179	I_kwDOJWyCVM6Ip3wJ	ubiquibot	https://github.com/ubiquity-os-marketplace/text-conversation-rewards/issues/22
1180	I_kwDOJWyCVM6Ip3xT	ubiquibot	https://github.com/ubiquity-os-marketplace/daemon-pricing/issues/2
1181	I_kwDOJWyCVM6Iu8JQ	ubiquibot	https://github.com/ubiquity/cloudflare-deploy-action/issues/12
1182	I_kwDOJWyCVM6IyY0H	ubiquibot	https://github.com/ubiquity/work.ubq.fi/issues/50
1183	I_kwDOJWyCVM6I1saF	ubiquibot	https://github.com/ubiquity-os/plugins-wishlist/issues/9
1185	I_kwDOJWyCVM6I7HiB	ubiquibot	https://github.com/ubiquity-os/plugins-wishlist/issues/7
1186	I_kwDOJWyCVM6JXM5C	ubiquibot	https://github.com/ubiquity-os/plugins-wishlist/issues/13
1188	I_kwDOJWyCVM6KD-SW	ubiquibot	https://github.com/ubiquity/pay.ubq.fi/issues/227
1189	I_kwDOJWyCVM6KND31	ubiquibot	https://github.com/ubiquity/rpc-handler/issues/21
1190	I_kwDOJWyCVM6KR_Pp	ubiquibot	https://github.com/ubiquity-os/plugins-wishlist/issues/10
1191	I_kwDOJWyCVM6KVKdZ	ubiquibot	https://github.com/ubiquity/rpc-handler/issues/22
1192	I_kwDOJWyCVM6Kb351	ubiquibot	https://github.com/ubiquity/pay.ubq.fi/issues/229
1194	I_kwDOJWyCVM6K2ukW	ubiquibot	https://github.com/ubiquity-os-marketplace/text-conversation-rewards/issues/29
1196	I_kwDOJWyCVM6LAKa8	ubiquibot	https://github.com/ubiquity/work.ubq.fi/issues/55
1197	I_kwDOJWyCVM6LDOSj	ubiquibot	https://github.com/ubiquity-os-marketplace/command-start-stop/issues/2
1198	I_kwDOJWyCVM6LFN2U	ubiquibot	https://github.com/ubiquity/work.ubq.fi/issues/58
1199	I_kwDOJWyCVM6LFtdh	ubiquibot	https://github.com/ubiquity/pay.ubq.fi/issues/239
1200	I_kwDOJWyCVM6LLWQK	ubiquibot	https://github.com/ubiquity-os-marketplace/text-conversation-rewards/issues/31
1201	I_kwDOJWyCVM6LLWQe	ubiquibot	https://github.com/ubiquity-os-marketplace/text-conversation-rewards/issues/30
1202	I_kwDOJWyCVM6LLuO6	ubiquibot	https://github.com/ubiquity/work.ubq.fi/issues/61
1204	I_kwDOJWyCVM6LWYxa	ubiquibot	https://github.com/ubiquity/rpc-handler/issues/23
1205	I_kwDOJWyCVM6LfqBG	ubiquibot	https://github.com/ubiquity/pay.ubq.fi/issues/241
1206	I_kwDOJWyCVM6LpsRx	ubiquibot	https://github.com/ubiquity/pay.ubq.fi/issues/244
1207	I_kwDOJWyCVM6L_W5l	ubiquibot	https://github.com/ubiquity/pay.ubq.fi/issues/250
1208	I_kwDOJWyCVM6MQL5O	ubiquibot	https://github.com/ubiquity-os/permit-generation/issues/18
1209	I_kwDOJWyCVM6MT8Sd	ubiquibot	https://github.com/ubiquity-os-marketplace/daemon-pricing/issues/8
1210	I_kwDOJWyCVM6MeJ68	ubiquibot	https://github.com/ubiquity/work.ubq.fi/issues/64
1211	I_kwDOJWyCVM6MfKOZ	ubiquibot	https://github.com/ubiquity-os/plugins-wishlist/issues/20
1214	I_kwDOJWyCVM6MtgOv	ubiquibot	https://www.github.com/ubiquity/cloudflare-deploy-action/issues/14
1217	I_kwDOJWyCVM6M9cDW	ubiquibot	https://github.com/ubiquity/ts-template/issues/50
1218	I_kwDOJWyCVM6NOtvD	ubiquibot	https://github.com/ubiquity/ubiquity-dollar/issues/942
1220	I_kwDOJWyCVM6NQP5o	ubiquibot	https://github.com/ubiquity-os-marketplace/text-conversation-rewards/issues/46
1221	I_kwDOJWyCVM6NS1Cs	ubiquibot	https://github.com/ubiquity-os-marketplace/text-conversation-rewards/issues/48
1224	I_kwDOJWyCVM6NYERT	ubiquibot	https://github.com/ubiquity-os/permit-generation/issues/28
1225	I_kwDOJWyCVM6NYEVB	ubiquibot	https://github.com/ubiquity-os-marketplace/command-start-stop/issues/4
1228	I_kwDOJWyCVM6OtUwK	ubiquibot	https://github.com/ubiquity-os-marketplace/text-conversation-rewards/issues/26
1231	I_kwDOJWyCVM6PYqsr	ubiquibot	https://github.com/ubiquity-os-marketplace/command-start-stop/issues/8
1232	I_kwDOJWyCVM6P5OeS	ubiquibot	https://github.com/ubiquity/pay.ubq.fi/issues/256
1233	I_kwDOJWyCVM6QHVwc	ubiquibot	https://github.com/ubiquity/pay.ubq.fi/issues/260
1234	I_kwDOJWyCVM6QIT-s	ubiquibot	https://github.com/ubiquity/pay.ubq.fi/issues/259
1241	I_kwDOJWyCVM6RP4fv	ubiquibot	https://github.com/ubiquity-os-marketplace/text-conversation-rewards/issues/76
1243	I_kwDOJWyCVM6RP4h_	ubiquibot	https://github.com/ubiquity-os-marketplace/daemon-disqualifier/issues/14
1249	I_kwDOJWyCVM6SxpdK	ubiquibot	https://github.com/ubiquity-os-marketplace/command-start-stop/issues/14
1320	I_kwDOJWyCVM6TLg5T	ubiquibot	https://github.com/ubiquity/work.ubq.fi/issues/78
1322	I_kwDOJWyCVM6TMKSn	ubiquibot	https://github.com/ubiquity/rpc-handler/issues/43
1323	I_kwDOJWyCVM6TMZXz	ubiquibot	https://github.com/ubiquity/ts-template/issues/54
1324	I_kwDOJWyCVM6TVi7F	ubiquibot	https://github.com/ubiquity-os-marketplace/command-wallet/issues/3
1325	I_kwDOJWyCVM6TXLBN	ubiquibot	https://github.com/ubiquity/pay.ubq.fi/issues/278
1328	I_kwDOJWyCVM6TgrJ_	ubiquibot	https://github.com/ubiquity-os-marketplace/text-conversation-rewards/issues/88
1331	I_kwDOJWyCVM6TpFJX	ubiquity-os	https://github.com/ubiquity/pay.ubq.fi/issues/282
1345	I_kwDOJWyCVM6UI_Vc	ubiquity-os	https://github.com/ubiquity-os-marketplace/command-start-stop/issues/22
1363	I_kwDOJWyCVM6UJDTO	ubiquity-os	https://github.com/ubiquity-os/plugins-wishlist/issues/32
3844	I_kwDOJWyCVM7Q2_jr	ubiquity-devpool	https://github.com/ubiquity/ubiquity-dollar/issues/831
3845	I_kwDOJWyCVM7Q2_kE	ubiquity-devpool	https://github.com/ubiquity/ubiquity-dollar/issues/926
3846	I_kwDOJWyCVM7Q2_kt	ubiquity-devpool	https://github.com/ubiquity/ubiquity-dollar/issues/927
3847	I_kwDOJWyCVM7Q2_lK	ubiquity-devpool	https://github.com/ubiquity/ubiquity-dollar/issues/937
3848	I_kwDOJWyCVM7Q2_lk	ubiquity-devpool	https://github.com/ubiquity/ubiquity-dollar/issues/972
3849	I_kwDOJWyCVM7Q2_l2	ubiquity-devpool	https://github.com/ubiquity/ubiquity-dollar/issues/984
3850	I_kwDOJWyCVM7Q2_qD	ubiquity-devpool	https://github.com/ubiquity-os-marketplace/text-conversation-rewards/issues/433
3851	I_kwDOJWyCVM7Q2_qo	ubiquity-devpool	https://github.com/ubiquity-os-marketplace/text-conversation-rewards/issues/340
3852	I_kwDOJWyCVM7Q2_q3	ubiquity-devpool	https://github.com/ubiquity-os-marketplace/text-conversation-rewards/issues/301
3853	I_kwDOJWyCVM7Q2_rK	ubiquity-devpool	https://github.com/ubiquity-os-marketplace/text-conversation-rewards/issues/385
3854	I_kwDOJWyCVM7Q2_ra	ubiquity-devpool	https://github.com/ubiquity-os/ubiquity-os-plugin-installer/issues/43
3855	I_kwDOJWyCVM7Q2_rb	ubiquity-devpool	https://github.com/ubiquity-os-marketplace/text-conversation-rewards/issues/330
3856	I_kwDOJWyCVM7Q2_rp	ubiquity-devpool	https://github.com/ubiquity-os-marketplace/text-conversation-rewards/issues/422
3857	I_kwDOJWyCVM7Q2_r4	ubiquity-devpool	https://github.com/ubiquity-os-marketplace/text-conversation-rewards/issues/223
3858	I_kwDOJWyCVM7Q2_sL	ubiquity-devpool	https://github.com/ubiquity-os-marketplace/text-conversation-rewards/issues/260
3859	I_kwDOJWyCVM7Q2_sf	ubiquity-devpool	https://github.com/ubiquity-os-marketplace/text-conversation-rewards/issues/271
3860	I_kwDOJWyCVM7Q2_sy	ubiquity-devpool	https://github.com/ubiquity-os-marketplace/text-conversation-rewards/issues/295
3861	I_kwDOJWyCVM7Q2_tC	ubiquity-devpool	https://github.com/ubiquity-os/plugins-wishlist/issues/77
3862	I_kwDOJWyCVM7Q2_tK	ubiquity-devpool	https://github.com/ubiquity-os-marketplace/text-conversation-rewards/issues/296
3863	I_kwDOJWyCVM7Q2_tZ	ubiquity-devpool	https://github.com/ubiquity-os/plugins-wishlist/issues/76
3864	I_kwDOJWyCVM7Q2_th	ubiquity-devpool	https://github.com/ubiquity/ubq.fi-router/issues/6
3865	I_kwDOJWyCVM7Q2_tq	ubiquity-devpool	https://github.com/ubiquity-os/plugins-wishlist/issues/26
3866	I_kwDOJWyCVM7Q2_tr	ubiquity-devpool	https://github.com/ubiquity-os-marketplace/text-conversation-rewards/issues/329
3867	I_kwDOJWyCVM7Q2_t5	ubiquity-devpool	https://github.com/ubiquity-os/plugins-wishlist/issues/30
3868	I_kwDOJWyCVM7Q2_uD	ubiquity-devpool	https://github.com/ubiquity-os/plugins-wishlist/issues/46
3869	I_kwDOJWyCVM7Q2_uW	ubiquity-devpool	https://github.com/ubiquity-os/plugins-wishlist/issues/48
3870	I_kwDOJWyCVM7Q2_uz	ubiquity-devpool	https://github.com/ubiquity-os/plugins-wishlist/issues/49
3871	I_kwDOJWyCVM7Q2_wh	ubiquity-devpool	https://github.com/ubiquity-os/plugins-wishlist/issues/64
3872	I_kwDOJWyCVM7Q2_zw	ubiquity-devpool	https://github.com/ubiquity-os/plugins-wishlist/issues/70
3873	I_kwDOJWyCVM7Q2_z5	ubiquity-devpool	https://github.com/ubiquity-os-marketplace/command-config/issues/22
3874	I_kwDOJWyCVM7Q2_0V	ubiquity-devpool	https://github.com/ubiquity-os/plugins-wishlist/issues/75
3875	I_kwDOJWyCVM7Q2_0p	ubiquity-devpool	https://github.com/ubiquity-os-marketplace/command-config/issues/23
3876	I_kwDOJWyCVM7Q2_1V	ubiquity-devpool	https://github.com/ubiquity/work.ubq.fi/issues/205
3877	I_kwDOJWyCVM7Q2_1x	ubiquity-devpool	https://github.com/ubiquity/work.ubq.fi/issues/204
3878	I_kwDOJWyCVM7Q2_2F	ubiquity-devpool	https://github.com/ubiquity/work.ubq.fi/issues/206
3879	I_kwDOJWyCVM7Q3ACt	ubiquity-devpool	https://github.com/ubiquity/stake.ubq.fi/issues/8
3880	I_kwDOJWyCVM7Q3ACx	ubiquity-devpool	https://github.com/ubiquity-os/ubiquity-os-kernel/issues/261
3881	I_kwDOJWyCVM7Q3AC8	ubiquity-devpool	https://github.com/ubiquity/stake.ubq.fi/issues/6
3882	I_kwDOJWyCVM7Q3AC-	ubiquity-devpool	https://github.com/ubiquity-os/ubiquity-os-kernel/issues/267
3883	I_kwDOJWyCVM7Q3ADN	ubiquity-devpool	https://github.com/ubiquity/stake.ubq.fi/issues/4
3884	I_kwDOJWyCVM7Q3ADo	ubiquity-devpool	https://github.com/ubiquity/stake.ubq.fi/issues/3
3885	I_kwDOJWyCVM7Q3AKr	ubiquity-devpool	https://github.com/ubiquity-os-marketplace/text-vector-embeddings/issues/23
3886	I_kwDOJWyCVM7Q3ALN	ubiquity-devpool	https://github.com/ubiquity-os-marketplace/text-vector-embeddings/issues/55
3887	I_kwDOJWyCVM7Q3ALo	ubiquity-devpool	https://github.com/ubiquity-os-marketplace/text-vector-embeddings/issues/74
3888	I_kwDOJWyCVM7Q3AL_	ubiquity-devpool	https://github.com/ubiquity-os-marketplace/text-vector-embeddings/issues/78
3889	I_kwDOJWyCVM7Q3AMM	ubiquity-devpool	https://github.com/ubiquity-os-marketplace/text-vector-embeddings/issues/81
3890	I_kwDOJWyCVM7Q3AMn	ubiquity-devpool	https://github.com/ubiquity-os-marketplace/text-vector-embeddings/issues/92
3891	I_kwDOJWyCVM7Q3ANC	ubiquity-devpool	https://github.com/ubiquity-os-marketplace/text-vector-embeddings/issues/93
3892	I_kwDOJWyCVM7Q3ANk	ubiquity-devpool	https://github.com/ubiquity-os-marketplace/text-vector-embeddings/issues/94
3893	I_kwDOJWyCVM7Q3AOE	ubiquity-devpool	https://github.com/ubiquity-os-marketplace/text-vector-embeddings/issues/108
3894	I_kwDOJWyCVM7Q3AOd	ubiquity-devpool	https://github.com/ubiquity-os-marketplace/text-vector-embeddings/issues/111
